<?xml version="1.0" encoding="UTF-8"?>
<project-private xmlns="http://www.netbeans.org/ns/project-private/1">
    <editor-bookmarks xmlns="http://www.netbeans.org/ns/editor-bookmarks/2" lastBookmarkId="0"/>
    <open-files xmlns="http://www.netbeans.org/ns/projectui-open-files/2">
        <group>
            <file>file:/C:/Users/Deepak/Documents/NetBeansProjects/BillingSoftware/src/employee/FinalBilling.java</file>
            <file>file:/C:/Users/Deepak/Documents/NetBeansProjects/BillingSoftware/src/admin/ViewEditItems.java</file>
            <file>file:/C:/Users/Deepak/Documents/NetBeansProjects/BillingSoftware/src/employee/EmployeePanel.java</file>
            <file>file:/C:/Users/Deepak/Documents/NetBeansProjects/BillingSoftware/src/employee/StartBilling.java</file>
            <file>file:/C:/Users/Deepak/Documents/NetBeansProjects/BillingSoftware/src/dbcon/DbOperations.java</file>
            <file>file:/C:/Users/Deepak/Documents/NetBeansProjects/BillingSoftware/src/employee/PurchasedItems.java</file>
        </group>
    </open-files>
</project-private>
