<?xml version="1.0" encoding="UTF-8"?>
<project-private xmlns="http://www.netbeans.org/ns/project-private/1">
    <editor-bookmarks xmlns="http://www.netbeans.org/ns/editor-bookmarks/2" lastBookmarkId="0"/>
    <open-files xmlns="http://www.netbeans.org/ns/projectui-open-files/2">
        <group>
            <file>file:/C:/Users/Deepak/Documents/NetBeansProjects/CharStreamClassesDemo/src/charstreamclassesdemo/BufferedReaderDemo.java</file>
            <file>file:/C:/Users/Deepak/Documents/NetBeansProjects/CharStreamClassesDemo/src/charstreamclassesdemo/CharArrayReaderDemo.java</file>
            <file>file:/C:/Users/Deepak/Documents/NetBeansProjects/CharStreamClassesDemo/src/charstreamclassesdemo/CharArrayWriterDemo.java</file>
            <file>file:/C:/Users/Deepak/Documents/NetBeansProjects/CharStreamClassesDemo/src/charstreamclassesdemo/BufferedWriterDemo.java</file>
            <file>file:/C:/Users/Deepak/Documents/NetBeansProjects/CharStreamClassesDemo/src/charstreamclassesdemo/CharStreamClassesDemo.java</file>
            <file>file:/C:/Users/Deepak/Documents/NetBeansProjects/CharStreamClassesDemo/src/charstreamclassesdemo/InputStreamReaderDemo.java</file>
            <file>file:/C:/Users/Deepak/Documents/NetBeansProjects/CharStreamClassesDemo/src/charstreamclassesdemo/OutputStreamWriterDemo.java</file>
            <file>file:/C:/Users/Deepak/Documents/NetBeansProjects/CharStreamClassesDemo/src/charstreamclassesdemo/FileReaderDemo.java</file>
            <file>file:/C:/Users/Deepak/Documents/NetBeansProjects/CharStreamClassesDemo/src/charstreamclassesdemo/StringReaderDemo.java</file>
            <file>file:/C:/Users/Deepak/Documents/NetBeansProjects/CharStreamClassesDemo/src/charstreamclassesdemo/FileWriterDemo.java</file>
            <file>file:/C:/Users/Deepak/Documents/NetBeansProjects/CharStreamClassesDemo/src/charstreamclassesdemo/StringWriterDemo.java</file>
        </group>
    </open-files>
</project-private>
